{
    "build": {
        "builder-revision": "7ad413ba61cb5221ed5b18804cd43e001a39904e",
        "date": "Wed Apr 30 12:40:37 UTC 2025",
        "git-revision": "d8d9c26c9866e3a9c8a155ba2b27fc5a611daf7a",
        "id": "273861578"
    },
    "fixed-issues": [
        "LPD-26723","LPD-33598","LPD-34919","LPD-40224","LPD-40486","LPD-40547","LPD-41266","LPD-41899","LPD-48127"
    ],
    "patch": {
        "id": "48"
    },
    "requirement": {
        "patching-tool-version": "4000",
        "product-version": "2024.q2.11"
    },
    "added" :[
        {
            "path": "WAR_PATH/WEB-INF/shielded-container-lib/portal-patcher-properties.jar",
            "checksum": "3b8de931b9c7edf2d6357bdb77e9a72aebee25cb2d3faba009a061158ce09018"
        },
        {
            "path": "WAR_PATH/WEB-INF/shielded-container-lib/portal-impl.jar",
            "checksum": "3aba8db9306b98bbc00e307200976bec6527830d5366da3ed8798c3625f39f6b"
        },
        {
            "path": "WAR_PATH/WEB-INF/shielded-container-lib/portal-kernel.jar",
            "checksum": "8cfcd68ff32951132f719909769c1c3a71a3612d638e624e3b75e79a1b411370"
        },
        {
            "path": "OSGI_BASE_PATH/portal/com.liferay.saml.impl.jar",
            "checksum": "764917a57758cad7935f4b44a960cf9084b679c32f1a904aaba4b887aa9b4892"
        },
        {
            "path": "OSGI_BASE_PATH/portal/com.liferay.portal.db.partition.jar",
            "checksum": "9641067069261fad807ea4ade3efc63d1b0c1cc8dcdfa5d45a5285af0de84694"
        },
        {
            "path": "OSGI_BASE_PATH/portal/com.liferay.frontend.taglib.clay.jar",
            "checksum": "ffaa321667c08c5b3466ea78f615e3856cf33b199c1307fb62141584477b3d0b"
        },
        {
            "path": "OSGI_BASE_PATH/portal/com.liferay.scim.rest.impl.jar",
            "checksum": "c2d0c8e3bbf92ae102769417bfc25b7f5f4832a18d0e27a85b782fb5715179b6"
        },
        {
            "path": "OSGI_BASE_PATH/portal/com.liferay.scim.rest.api.jar",
            "checksum": "403299122a5e409178e37741a5b499ee22f901835eadaacd111cc7521e57366c"
        },
        {
            "path": "OSGI_BASE_PATH/portal/com.liferay.portal.security.audit.web.jar",
            "checksum": "ed5c2f482f46e4da0e7ee91319527f30319e4f0eac8ef1e20ec1c5cefcb71713"
        },
        {
            "path": "OSGI_BASE_PATH/portal/com.liferay.portal.configuration.cluster.jar",
            "checksum": "11f1562b89f5b5259417c64a9940f0e1b3b3e32999417453a38dce5b3957fd14"
        },
        {
            "path": "OSGI_BASE_PATH/portal/com.liferay.frontend.js.recharts.jar",
            "checksum": "42b3562655a0109e7e870e77dfa1eb0d3e8ac79052fba35ecfed9f97ea01723b"
        }
    ],
    "removed" :[
    ]
}
